run,opt_level,n,fresh_1,fresh_2,fresh_3,fresh_4,fresh_5,fresh_6,fresh_7,recycle,backend,shots,seed_transpiler,data_qubits,fresh_time,fresh_job_id,fresh_cz,fresh_depth,recycle_time,recycle_job_id,recycle_cz,recycle_depth,note
run1,0,7,0.2033,0.1472,0.1597,0.2408,0.3134,0.2146,0.1978,0.1425,radiance20,100000,,,2026-10-06 08:17:16,01a11049-512a-7f03-8b9a-473173317014,,,2026-10-06 08:33:40,01a11058-595b-7a90-b9e2-2609220770e8,,,"qubits not pinned; unseeded (random) routing; qubits chosen by the transpiler for every circuit, so FRESH and RECYCLE ran on different data qubits"
run1,0,6,0.0926,0.2648,0.24,0.2772,0.2926,0.31,,0.1073,radiance20,100000,,,2026-10-06 08:16:42,01a11048-cc5c-7da1-868e-d6fbeacf36b4,,,2026-10-06 08:33:07,01a11057-d9f1-7b22-9558-e12430292452,,,"qubits not pinned; unseeded (random) routing; qubits chosen by the transpiler for every circuit, so FRESH and RECYCLE ran on different data qubits"
run1,0,5,0.1446,0.1983,0.1369,0.164,0.2119,,,0.183,radiance20,100000,,,2026-10-06 08:16:08,01a11048-4781-7111-bac0-1fbb871e571d,,,2026-10-06 08:32:35,01a11057-5a65-7703-b3b8-e2b5cfc950be,,,"qubits not pinned; unseeded (random) routing; qubits chosen by the transpiler for every circuit, so FRESH and RECYCLE ran on different data qubits"
run1,0,4,0.2657,0.1812,0.223,0.2489,,,,0.1085,radiance20,100000,,,2026-10-06 08:15:34,01a11047-c6c9-7d32-a6b4-fe3881b7dd75,,,2026-10-06 08:32:02,01a11056-dacb-7f21-8b95-cc81fe300575,,,"qubits not pinned; unseeded (random) routing; qubits chosen by the transpiler for every circuit, so FRESH and RECYCLE ran on different data qubits"
run1,0,3,0.2784,0.1474,0.1319,,,,,0.1461,radiance20,100000,,,2026-10-06 08:15:01,01a11047-4690-7f22-bf15-4d7c276dd0f6,,,2026-10-06 08:31:29,01a11056-5afc-7842-ac07-8d0fdf4b0358,,,"qubits not pinned; unseeded (random) routing; qubits chosen by the transpiler for every circuit, so FRESH and RECYCLE ran on different data qubits"
run1,0,2,0.2486,0.149,,,,,,0.1403,radiance20,100000,,,2026-10-06 08:14:28,01a11046-c5c0-7d22-abb5-8c6dde64ffed,,,2026-10-06 08:30:57,01a11055-dc19-70e3-8ca4-0fc17de864f5,,,"qubits not pinned; unseeded (random) routing; qubits chosen by the transpiler for every circuit, so FRESH and RECYCLE ran on different data qubits"
run1,0,1,0.0576,,,,,,,0.1237,radiance20,100000,,,2026-10-06 08:13:55,01a11046-4330-7a23-9bdf-89330c83f803,,,2026-10-06 08:30:24,01a11055-5546-7841-979f-16edb6272aa2,,,"qubits not pinned; unseeded (random) routing; qubits chosen by the transpiler for every circuit, so FRESH and RECYCLE ran on different data qubits"
run1,1,7,0.0606,0.0853,0.1078,0.0904,0.0128,0.1509,0.0831,0.0101,radiance20,100000,,,2026-10-06 08:21:09,01a1104c-e014-7162-beba-0ef5f2b469ce,,,2026-10-06 08:37:29,01a1105b-d65f-73d3-821b-ab718a85a5b9,,,"qubits not pinned; unseeded (random) routing; qubits chosen by the transpiler for every circuit, so FRESH and RECYCLE ran on different data qubits"
run1,1,6,0.1002,0.0694,0.1529,0.1245,0.1441,0.0482,,0.0084,radiance20,100000,,,2026-10-06 08:20:35,01a1104c-5b57-7b62-96c8-726e8130cad0,,,2026-10-06 08:36:56,01a1105b-56bd-7162-a881-943069807a13,,,"qubits not pinned; unseeded (random) routing; qubits chosen by the transpiler for every circuit, so FRESH and RECYCLE ran on different data qubits"
run1,1,5,0.0575,0.0599,0.0571,0.0485,0.0882,,,0.0078,radiance20,100000,,,2026-10-06 08:20:01,01a1104b-da57-7491-9370-c51f70fcf365,,,2026-10-06 08:36:23,01a1105a-d760-77c0-bc21-9667961a01f0,,,"qubits not pinned; unseeded (random) routing; qubits chosen by the transpiler for every circuit, so FRESH and RECYCLE ran on different data qubits"
run1,1,4,0.0409,0.135,0.1261,0.1191,,,,0.0066,radiance20,100000,,,2026-10-06 08:19:28,01a1104b-5a75-7c12-a428-dda2a894b0f6,,,2026-10-06 08:35:50,01a1105a-585d-7033-8650-d2d10538c104,,,"qubits not pinned; unseeded (random) routing; qubits chosen by the transpiler for every circuit, so FRESH and RECYCLE ran on different data qubits"
run1,1,3,0.0388,0.0259,0.0554,,,,,0.0056,radiance20,100000,,,2026-10-06 08:18:56,01a1104a-da6a-7bd3-b41c-d6d14351de0b,,,2026-10-06 08:35:18,01a11059-d878-7b22-83b9-cbf6cbd1dcb9,,,"qubits not pinned; unseeded (random) routing; qubits chosen by the transpiler for every circuit, so FRESH and RECYCLE ran on different data qubits"
run1,1,2,0.0592,0.0644,,,,,,0.0047,radiance20,100000,,,2026-10-06 08:18:23,01a1104a-57c3-7252-af7a-a337803e6492,,,2026-10-06 08:34:45,01a11059-58b6-7d93-ad78-bd6139dfa3ac,,,"qubits not pinned; unseeded (random) routing; qubits chosen by the transpiler for every circuit, so FRESH and RECYCLE ran on different data qubits"
run1,1,1,0.0032,,,,,,,0.0052,radiance20,100000,,,2026-10-06 08:17:49,01a11049-d704-7bd0-b948-8c24980c8c4f,,,2026-10-06 08:34:13,01a11058-d8ed-7b13-a872-7247c4e559d4,,,"qubits not pinned; unseeded (random) routing; qubits chosen by the transpiler for every circuit, so FRESH and RECYCLE ran on different data qubits"
run1,2,7,0.0686,0.0744,0.0561,0.0729,0.1225,0.0833,0.0616,0.0086,radiance20,100000,,,2026-10-06 08:24:59,01a11050-664a-7832-b55d-83c81664704f,,,2026-10-06 08:41:17,01a1105f-51cd-7421-959e-3c35c9c548ef,,,"qubits not pinned; unseeded (random) routing; qubits chosen by the transpiler for every circuit, so FRESH and RECYCLE ran on different data qubits"
run1,2,6,0.0303,0.0624,0.0343,0.0799,0.1044,0.0887,,0.0068,radiance20,100000,,,2026-10-06 08:24:26,01a1104f-e54f-7462-9f61-c5106bfdeadc,,,2026-10-06 08:40:44,01a1105e-d213-71d2-a244-826a36fdd743,,,"qubits not pinned; unseeded (random) routing; qubits chosen by the transpiler for every circuit, so FRESH and RECYCLE ran on different data qubits"
run1,2,5,0.0514,0.0711,0.1101,0.0864,0.0795,,,0.0065,radiance20,100000,,,2026-10-06 08:23:53,01a1104f-63fb-70d0-9933-5643c60a87a8,,,2026-10-06 08:40:11,01a1105e-5253-74c0-ac71-9cf17dbf3abb,,,"qubits not pinned; unseeded (random) routing; qubits chosen by the transpiler for every circuit, so FRESH and RECYCLE ran on different data qubits"
run1,2,4,0.0627,0.0333,0.0471,0.0408,,,,0.0052,radiance20,100000,,,2026-10-06 08:23:20,01a1104e-e250-7fc1-9b18-e8c5eb20191d,,,2026-10-06 08:39:39,01a1105d-d2b3-7651-8c08-79e27be22c56,,,"qubits not pinned; unseeded (random) routing; qubits chosen by the transpiler for every circuit, so FRESH and RECYCLE ran on different data qubits"
run1,2,3,0.0537,0.0343,0.0517,,,,,0.0047,radiance20,100000,,,2026-10-06 08:22:47,01a1104e-621d-74e3-9cdf-fb394f295e59,,,2026-10-06 08:39:06,01a1105d-52cb-7251-b896-8418b912f7bb,,,"qubits not pinned; unseeded (random) routing; qubits chosen by the transpiler for every circuit, so FRESH and RECYCLE ran on different data qubits"
run1,2,2,0.0495,0.0243,,,,,,0.0045,radiance20,100000,,,2026-10-06 08:22:14,01a1104d-e40b-7d03-8e1b-55feef7021d4,,,2026-10-06 08:38:33,01a1105c-d315-7681-bbc9-a7a68de413db,,,"qubits not pinned; unseeded (random) routing; qubits chosen by the transpiler for every circuit, so FRESH and RECYCLE ran on different data qubits"
run1,2,1,0.0028,,,,,,,0.0034,radiance20,100000,,,2026-10-06 08:21:42,01a1104d-645b-7851-85d0-cd8f437c1d90,,,2026-10-06 08:38:01,01a1105c-561c-72b2-8652-934a32dc8f33,,,"qubits not pinned; unseeded (random) routing; qubits chosen by the transpiler for every circuit, so FRESH and RECYCLE ran on different data qubits"
run1,3,7,0.0113,0.0431,0.0882,0.1022,0.0965,0.0773,0.0313,0.0104,radiance20,100000,,,2026-10-06 08:28:51,01a11053-eb86-7842-b0cd-b8992f004ecd,,,2026-10-06 08:45:05,01a11062-cd6a-77d0-9c48-b5c29be35f1b,,,"qubits not pinned; unseeded (random) routing; qubits chosen by the transpiler for every circuit, so FRESH and RECYCLE ran on different data qubits"
run1,3,6,0.0528,0.0223,0.0496,0.1208,0.0455,0.0586,,0.0089,radiance20,100000,,,2026-10-06 08:28:17,01a11053-6801-71a0-8fc0-82dfb35c5643,,,2026-10-06 08:44:32,01a11062-4d9e-7e21-ab6e-742e8537a59b,,,"qubits not pinned; unseeded (random) routing; qubits chosen by the transpiler for every circuit, so FRESH and RECYCLE ran on different data qubits"
run1,3,5,0.0531,0.0791,0.0743,0.1135,0.0562,,,0.0078,radiance20,100000,,,2026-10-06 08:27:43,01a11052-e71c-7c72-af06-8fda53e94d09,,,2026-10-06 08:43:59,01a11061-cd00-77c2-be41-c9125bd2cce2,,,"qubits not pinned; unseeded (random) routing; qubits chosen by the transpiler for every circuit, so FRESH and RECYCLE ran on different data qubits"
run1,3,4,0.0386,0.0364,0.0736,0.0488,,,,0.006,radiance20,100000,,,2026-10-06 08:27:10,01a11052-661c-7bd0-aa08-4e8993dc8d29,,,2026-10-06 08:43:27,01a11061-4fa2-7f51-92fc-3ce241f3dfeb,,,"qubits not pinned; unseeded (random) routing; qubits chosen by the transpiler for every circuit, so FRESH and RECYCLE ran on different data qubits"
run1,3,3,0.0686,0.0579,0.0438,,,,,0.0046,radiance20,100000,,,2026-10-06 08:26:37,01a11051-e613-7e33-962f-312f7837793c,,,2026-10-06 08:42:55,01a11060-d033-7d30-93e5-cd81e438c765,,,"qubits not pinned; unseeded (random) routing; qubits chosen by the transpiler for every circuit, so FRESH and RECYCLE ran on different data qubits"
run1,3,2,0.0445,0.0606,,,,,,0.0036,radiance20,100000,,,2026-10-06 08:26:05,01a11051-66de-7440-b573-b5839f3ebf79,,,2026-10-06 08:42:22,01a11060-50cd-79a0-9372-96a059c09ca6,,,"qubits not pinned; unseeded (random) routing; qubits chosen by the transpiler for every circuit, so FRESH and RECYCLE ran on different data qubits"
run1,3,1,0.0045,,,,,,,0.0027,radiance20,100000,,,2026-10-06 08:25:32,01a11050-e728-7913-938a-b3ea07b00199,,,2026-10-06 08:41:49,01a1105f-d185-79e1-88be-57ad494665c2,,,"qubits not pinned; unseeded (random) routing; qubits chosen by the transpiler for every circuit, so FRESH and RECYCLE ran on different data qubits"
run2,0,7,0.1471,0.2338,0.1477,0.1025,0.2098,0.1583,0.1591,0.007,radiance20,10000,,9 7 3 13,2026-10-06 08:54:48,01a1106c-1eb6-75d0-bcf0-89d946f185ba,,,2026-10-06 08:57:42,01a1106e-c8e8-78f2-963f-e5ec9c31ea56,,,"data qubits pinned; unseeded (random) routing; first FRESH job (opt 0, n = 1) failed with an IQM internal server error and was resubmitted"
run2,0,6,0.1224,0.231,0.1433,0.1322,0.225,0.1312,,0.0074,radiance20,10000,,9 7 3 13,2026-10-06 08:54:43,01a1106c-0c05-7db3-af2f-ea551ce55f71,,,2026-10-06 08:57:38,01a1106e-b65e-7af3-84a9-eebafe69c785,,,"data qubits pinned; unseeded (random) routing; first FRESH job (opt 0, n = 1) failed with an IQM internal server error and was resubmitted"
run2,0,5,0.135,0.1545,0.1492,0.1156,0.1399,,,0.007,radiance20,10000,,9 7 3 13,2026-10-06 08:54:38,01a1106b-f90e-7bc2-a404-4cbcddd80217,,,2026-10-06 08:57:33,01a1106e-a3be-75e3-9c3f-6a1d6024f5c4,,,"data qubits pinned; unseeded (random) routing; first FRESH job (opt 0, n = 1) failed with an IQM internal server error and was resubmitted"
run2,0,4,0.1274,0.0166,0.3506,0.1437,,,,0.0052,radiance20,10000,,9 7 3 13,2026-10-06 08:54:33,01a1106b-e66b-7e51-8d16-5758afcbe734,,,2026-10-06 08:57:28,01a1106e-9116-7b70-a507-fe4ed4e49ea8,,,"data qubits pinned; unseeded (random) routing; first FRESH job (opt 0, n = 1) failed with an IQM internal server error and was resubmitted"
run2,0,3,0.0523,0.0178,0.0252,,,,,0.0049,radiance20,10000,,9 7 3 13,2026-10-06 08:54:29,01a1106b-d3b9-7773-b9da-e4b3ad0fdc7e,,,2026-10-06 08:57:23,01a1106e-7e71-7792-851f-09f3f2e2e3f2,,,"data qubits pinned; unseeded (random) routing; first FRESH job (opt 0, n = 1) failed with an IQM internal server error and was resubmitted"
run2,0,2,0.1458,0.0933,,,,,,0.0057,radiance20,10000,,9 7 3 13,2026-10-06 08:54:24,01a1106b-c0cc-7be3-a9cb-4991d6aa66e6,,,2026-10-06 08:57:19,01a1106e-6bff-7210-a7e4-d902f348e91f,,,"data qubits pinned; unseeded (random) routing; first FRESH job (opt 0, n = 1) failed with an IQM internal server error and was resubmitted"
run2,0,1,0.0042,,,,,,,0.0036,radiance20,10000,,9 7 3 13,2026-10-06 08:54:19,01a1106b-ae06-7103-a3c6-53f26cf2c1da,,,2026-10-06 08:57:14,01a1106e-5956-7760-a758-d9ae558dbc7d,,,"data qubits pinned; unseeded (random) routing; first FRESH job (opt 0, n = 1) failed with an IQM internal server error and was resubmitted"
run2,1,7,0.1208,0.0017,0.0238,0.2413,0.1462,0.2012,0.1225,0.0077,radiance20,10000,,9 7 3 13,2026-10-06 08:55:21,01a1106c-a005-7f51-a970-a7be68b670cb,,,2026-10-06 08:58:16,01a1106f-4bf9-7be0-bcf2-23727d258c68,,,"data qubits pinned; unseeded (random) routing; first FRESH job (opt 0, n = 1) failed with an IQM internal server error and was resubmitted"
run2,1,6,0.1174,0.0019,0.0232,0.2206,0.1675,0.1393,,0.0086,radiance20,10000,,9 7 3 13,2026-10-06 08:55:16,01a1106c-8d3e-7613-858a-988828bdd4a7,,,2026-10-06 08:58:11,01a1106f-3951-7390-bd6b-d1f268f29a35,,,"data qubits pinned; unseeded (random) routing; first FRESH job (opt 0, n = 1) failed with an IQM internal server error and was resubmitted"
run2,1,5,0.0891,0.1269,0.08,0.1651,0.1084,,,0.0064,radiance20,10000,,9 7 3 13,2026-10-06 08:55:11,01a1106c-7a57-7942-b73b-1917cd1b616e,,,2026-10-06 08:58:06,01a1106f-268e-7642-8815-9868a50cb8dd,,,"data qubits pinned; unseeded (random) routing; first FRESH job (opt 0, n = 1) failed with an IQM internal server error and was resubmitted"
run2,1,4,0.1231,0.0192,0.0895,0.0943,,,,0.0062,radiance20,10000,,9 7 3 13,2026-10-06 08:55:06,01a1106c-6749-7340-9c8d-a0553d3951b1,,,2026-10-06 08:58:02,01a1106f-13cb-7fd3-b4fa-15b8cd86b5b0,,,"data qubits pinned; unseeded (random) routing; first FRESH job (opt 0, n = 1) failed with an IQM internal server error and was resubmitted"
run2,1,3,0.0549,0.0161,0.052,,,,,0.0052,radiance20,10000,,9 7 3 13,2026-10-06 08:55:02,01a1106c-543b-70f2-8198-c142d6bce5c1,,,2026-10-06 08:57:57,01a1106f-0105-7900-ad77-e2e6a6992d7d,,,"data qubits pinned; unseeded (random) routing; first FRESH job (opt 0, n = 1) failed with an IQM internal server error and was resubmitted"
run2,1,2,0.0557,0.0731,,,,,,0.0037,radiance20,10000,,9 7 3 13,2026-10-06 08:54:56,01a1106c-407a-7dd2-95a4-787bed1349e7,,,2026-10-06 08:57:52,01a1106e-ee38-7052-b7f9-106daa688737,,,"data qubits pinned; unseeded (random) routing; first FRESH job (opt 0, n = 1) failed with an IQM internal server error and was resubmitted"
run2,1,1,0.0044,,,,,,,0.0041,radiance20,10000,,9 7 3 13,2026-10-06 08:54:52,01a1106c-3179-73d0-8e48-629d29c36563,,,2026-10-06 08:57:47,01a1106e-db82-7581-a1f1-0ad96ff365d0,,,"data qubits pinned; unseeded (random) routing; first FRESH job (opt 0, n = 1) failed with an IQM internal server error and was resubmitted"
run2,2,7,0.1309,0.0019,0.0269,0.1853,0.1472,0.1313,0.1259,0.0092,radiance20,10000,,9 7 3 13,2026-10-06 08:55:54,01a1106d-22e9-7821-8e6a-5a8156d8dd95,,,2026-10-06 08:58:48,01a1106f-caba-7370-9d49-ddff45f9f3cd,,,"data qubits pinned; unseeded (random) routing; first FRESH job (opt 0, n = 1) failed with an IQM internal server error and was resubmitted"
run2,2,6,0.1238,0.0011,0.025,0.2339,0.1519,0.1281,,0.0092,radiance20,10000,,9 7 3 13,2026-10-06 08:55:50,01a1106d-101c-7cb1-b8cc-484a00e821af,,,2026-10-06 08:58:44,01a1106f-b808-7ec0-bd86-6de4be2826ce,,,"data qubits pinned; unseeded (random) routing; first FRESH job (opt 0, n = 1) failed with an IQM internal server error and was resubmitted"
run2,2,5,0.0958,0.1429,0.1013,0.141,0.1405,,,0.0078,radiance20,10000,,9 7 3 13,2026-10-06 08:55:45,01a1106c-fd9c-74c3-b588-961918953192,,,2026-10-06 08:58:39,01a1106f-a514-7ef1-b9fc-338df436a6af,,,"data qubits pinned; unseeded (random) routing; first FRESH job (opt 0, n = 1) failed with an IQM internal server error and was resubmitted"
run2,2,4,0.1301,0.0415,0.0217,0.0903,,,,0.0048,radiance20,10000,,9 7 3 13,2026-10-06 08:55:40,01a1106c-eaea-71c0-b67f-79ff1a6af093,,,2026-10-06 08:58:34,01a1106f-9437-7750-99ce-e7392ba58a65,,,"data qubits pinned; unseeded (random) routing; first FRESH job (opt 0, n = 1) failed with an IQM internal server error and was resubmitted"
run2,2,3,0.0525,0.0158,0.0915,,,,,0.0047,radiance20,10000,,9 7 3 13,2026-10-06 08:55:35,01a1106c-d831-7b20-b375-9a85bf11df5a,,,2026-10-06 08:58:30,01a1106f-813c-7b32-9494-7eb9510ceb6f,,,"data qubits pinned; unseeded (random) routing; first FRESH job (opt 0, n = 1) failed with an IQM internal server error and was resubmitted"
run2,2,2,0.0497,0.0152,,,,,,0.0038,radiance20,10000,,9 7 3 13,2026-10-06 08:55:31,01a1106c-c561-7a50-894b-19d9a15f3765,,,2026-10-06 08:58:25,01a1106f-6f8e-70c3-8ecc-7e6d25d08529,,,"data qubits pinned; unseeded (random) routing; first FRESH job (opt 0, n = 1) failed with an IQM internal server error and was resubmitted"
run2,2,1,0.0042,,,,,,,0.0028,radiance20,10000,,9 7 3 13,2026-10-06 08:55:26,01a1106c-b2a8-7830-bd2f-679825805724,,,2026-10-06 08:58:20,01a1106f-5eb6-7131-8652-35ddcd169d7b,,,"data qubits pinned; unseeded (random) routing; first FRESH job (opt 0, n = 1) failed with an IQM internal server error and was resubmitted"
run3,0,7,0.1202,0.1337,0.1553,0.1589,0.2224,0.1787,0.1486,0.0082,radiance20,10000,,9 7 3 13,2026-10-06 09:04:10,01a11074-b46b-7743-b2ef-978ab41526d8,,,2026-10-06 09:06:12,01a11076-93c6-7e31-8f46-5bc02cc0ce36,,,data qubits pinned; unseeded (random) routing
run3,0,6,0.2223,0.0345,0.0559,0.1178,0.134,0.1471,,0.009,radiance20,10000,,9 7 3 13,2026-10-06 09:04:06,01a11074-a1be-7693-9c1f-7be02bcc574f,,,2026-10-06 09:06:08,01a11076-7ecd-7ff1-a474-8a019fbb75d8,,,data qubits pinned; unseeded (random) routing
run3,0,5,0.1161,0.0498,0.0239,0.0969,0.0675,,,0.0064,radiance20,10000,,9 7 3 13,2026-10-06 09:04:01,01a11074-8eff-7683-a7bc-f27808bad8c4,,,2026-10-06 09:06:03,01a11076-6d6e-7df3-9ac5-b88496194014,,,data qubits pinned; unseeded (random) routing
run3,0,4,0.1276,0.1517,0.0323,0.1171,,,,0.0069,radiance20,10000,,9 7 3 13,2026-10-06 09:03:56,01a11074-7c60-7eb2-aafd-d2415d5c9189,,,2026-10-06 09:05:58,01a11076-5851-7f20-b9fb-0902f7a159cf,,,data qubits pinned; unseeded (random) routing
run3,0,3,0.1627,0.1373,0.0766,,,,,0.0038,radiance20,10000,,9 7 3 13,2026-10-06 09:03:51,01a11074-69d6-7451-917a-13b7f4a9a555,,,2026-10-06 09:05:53,01a11076-45b3-7903-a406-e00b4f347b23,,,data qubits pinned; unseeded (random) routing
run3,0,2,0.0563,0.0171,,,,,,0.0047,radiance20,10000,,9 7 3 13,2026-10-06 09:03:47,01a11074-5723-7b62-aeee-b162f6dc0bed,,,2026-10-06 09:05:48,01a11076-32ef-7ac0-bc1f-f7b1bc85613e,,,data qubits pinned; unseeded (random) routing
run3,0,1,0.0034,,,,,,,0.0036,radiance20,10000,,9 7 3 13,2026-10-06 09:03:42,01a11074-445a-7ca0-b679-4c6aa3c081be,,,2026-10-06 09:05:44,01a11076-2058-75c1-8a69-f6158a7feab1,,,data qubits pinned; unseeded (random) routing
run3,1,7,0.1214,0.0031,0.0262,0.202,0.1569,0.1511,0.1321,0.0113,radiance20,10000,,9 7 3 13,2026-10-06 09:04:44,01a11075-36d3-7dc1-91d3-21270769ec00,,,2026-10-06 09:07:43,01a11077-f431-7773-9044-4182028e76e0,,,data qubits pinned; unseeded (random) routing
run3,1,6,0.1199,0.0022,0.0264,0.222,0.157,0.1293,,0.009,radiance20,10000,,9 7 3 13,2026-10-06 09:04:39,01a11075-2430-71e3-a279-79732b6d7a76,,,2026-10-06 09:07:39,01a11077-e1b3-7e20-be81-352b5e824153,,,data qubits pinned; unseeded (random) routing
run3,1,5,0.0888,0.1387,0.07,0.1665,0.1235,,,0.0103,radiance20,10000,,9 7 3 13,2026-10-06 09:04:34,01a11075-1180-7723-8708-0007bd9806c5,,,2026-10-06 09:07:34,01a11077-ceef-7a53-9ca1-04886dfba63a,,,data qubits pinned; unseeded (random) routing
run3,1,4,0.1172,0.034,0.0599,0.0892,,,,0.0082,radiance20,10000,,9 7 3 13,2026-10-06 09:04:29,01a11074-fee7-74c3-8393-3da759863b44,,,2026-10-06 09:07:29,01a11077-bc26-7a41-83e0-362869a204d3,,,data qubits pinned; unseeded (random) routing
run3,1,3,0.0582,0.0166,0.0182,,,,,0.0059,radiance20,10000,,9 7 3 13,2026-10-06 09:04:25,01a11074-ec67-75c2-bf13-b9a35cf00308,,,2026-10-06 09:06:27,01a11076-c897-7d90-81e3-f6d0f558c645,,,data qubits pinned; unseeded (random) routing
run3,1,2,0.0589,0.0712,,,,,,0.0053,radiance20,10000,,9 7 3 13,2026-10-06 09:04:20,01a11074-d9ce-7a00-b925-9b85bf49db4c,,,2026-10-06 09:06:22,01a11076-b5ef-75f1-9259-d792a4476bb5,,,data qubits pinned; unseeded (random) routing
run3,1,1,0.0027,,,,,,,0.0031,radiance20,10000,,9 7 3 13,2026-10-06 09:04:15,01a11074-c702-7f83-8c60-f47c456d6698,,,2026-10-06 09:06:17,01a11076-a334-7b81-a6ac-bd6159aff3de,,,data qubits pinned; unseeded (random) routing
run3,2,7,0.1262,0.0026,0.0223,0.1735,0.129,0.1828,0.1096,0.011,radiance20,10000,,9 7 3 13,2026-10-06 09:05:17,01a11075-ba0e-72d3-85ec-cbe06ca980a5,,,2026-10-06 09:08:17,01a11078-770b-7863-bc53-4e8176e0f103,,,data qubits pinned; unseeded (random) routing
run3,2,6,0.1299,0.0027,0.026,0.2322,0.133,0.1237,,0.01,radiance20,10000,,9 7 3 13,2026-10-06 09:05:13,01a11075-a77e-73d2-ae89-560fb61e64e9,,,2026-10-06 09:08:12,01a11078-646d-7dc3-9da6-54881ef9dc87,,,data qubits pinned; unseeded (random) routing
run3,2,5,0.0833,0.1337,0.0782,0.142,0.133,,,0.0088,radiance20,10000,,9 7 3 13,2026-10-06 09:05:08,01a11075-947b-7a61-8bc7-1be001e7d451,,,2026-10-06 09:08:07,01a11078-51bc-7233-86bd-8074aa04bf2c,,,data qubits pinned; unseeded (random) routing
run3,2,4,0.1253,0.0445,0.0234,0.0919,,,,0.0082,radiance20,10000,,9 7 3 13,2026-10-06 09:05:03,01a11075-816a-7373-a4de-36ffe886a66a,,,2026-10-06 09:08:03,01a11078-3ee1-71f0-8e32-183b5faabb3f,,,data qubits pinned; unseeded (random) routing
run3,2,3,0.0527,0.0162,0.0197,,,,,0.0057,radiance20,10000,,9 7 3 13,2026-10-06 09:04:58,01a11075-6edb-7a30-9fb3-729cb5340cf4,,,2026-10-06 09:07:58,01a11078-2c3a-77d0-8423-9a9cded5d8c6,,,data qubits pinned; unseeded (random) routing
run3,2,2,0.0538,0.0171,,,,,,0.0057,radiance20,10000,,9 7 3 13,2026-10-06 09:04:53,01a11075-5c40-75e1-b390-67b02b27c1d6,,,2026-10-06 09:07:53,01a11078-199b-7610-931f-2cec4c7dfaf7,,,data qubits pinned; unseeded (random) routing
run3,2,1,0.0035,,,,,,,0.0056,radiance20,10000,,9 7 3 13,2026-10-06 09:04:49,01a11075-498e-7c31-a20c-240543b46263,,,2026-10-06 09:07:48,01a11078-06df-7b40-aa1d-29779f9058be,,,data qubits pinned; unseeded (random) routing
run5,0,7,0.1235,0.0984,0.0933,0.3026,0.2367,0.1876,0.1831,0.006,radiance20,10000,1234,9 7 3 13,2026-10-06 09:23:12,01a11086-212b-7a80-bdbc-0b83a4417081,94,180,2026-10-06 09:41:53,01a11097-3976-7ea2-af40-70a5619e5f35,28,57,data qubits pinned; routing seed 1234
run5,0,6,0.1335,0.1066,0.1005,0.3132,0.2638,0.13,,0.0051,radiance20,10000,1234,9 7 3 13,2026-10-06 09:23:08,01a11086-0e52-7e80-b902-aa2dad5d4e46,75,149,2026-10-06 09:41:48,01a11097-26e7-7952-a85c-802c3d44a20a,24,49,data qubits pinned; routing seed 1234
run5,0,5,0.1666,0.1439,0.1336,0.3574,0.1325,,,0.0074,radiance20,10000,1234,9 7 3 13,2026-10-06 09:23:03,01a11085-fba4-7ff3-a59a-7ed510aa9983,53,108,2026-10-06 09:41:43,01a11097-143f-7341-a8c1-2b3b6cc478ef,20,41,data qubits pinned; routing seed 1234
run5,0,4,0.1484,0.129,0.1216,0.1046,,,,0.0048,radiance20,10000,1234,9 7 3 13,2026-10-06 09:22:58,01a11085-e8fa-7db2-813e-d32b881d6468,40,76,2026-10-06 09:41:38,01a11097-01af-7bd3-863a-df0a4f97461f,16,33,data qubits pinned; routing seed 1234
run5,0,3,0.1909,0.1532,0.0869,,,,,0.0049,radiance20,10000,1234,9 7 3 13,2026-10-06 09:22:53,01a11085-d62d-7262-b06c-ab9afca79eec,24,49,2026-10-06 09:41:34,01a11096-eef9-7751-9f47-6a537021f030,12,25,data qubits pinned; routing seed 1234
run5,0,2,0.1502,0.0601,,,,,,0.0032,radiance20,10000,1234,9 7 3 13,2026-10-06 09:22:48,01a11085-c36c-7890-8744-f86edeb71d18,14,31,2026-10-06 09:41:29,01a11096-dc66-7f70-a516-b69514d08c7f,8,17,data qubits pinned; routing seed 1234
run5,0,1,0.0029,,,,,,,0.003,radiance20,10000,1234,9 7 3 13,2026-10-06 09:22:44,01a11085-6fb4-7fb1-ae20-df6bedbe1aff,4,9,2026-10-06 09:41:24,01a11096-c9c4-7440-b266-80480b0eb86c,4,9,data qubits pinned; routing seed 1234
run5,1,7,0.1085,0.0019,0.0246,0.1997,0.1501,0.1559,0.1275,0.0088,radiance20,10000,1234,9 7 3 13,2026-10-06 09:23:46,01a11086-a367-7f43-ac3f-644ae64b7fe2,79,138,2026-10-06 09:42:26,01a11097-bd03-7aa3-a1ff-c84998179267,28,43,data qubits pinned; routing seed 1234
run5,1,6,0.1073,0.0023,0.028,0.223,0.1631,0.1253,,0.0071,radiance20,10000,1234,9 7 3 13,2026-10-06 09:23:41,01a11086-90cd-7ed0-ac34-025aa197062a,66,116,2026-10-06 09:42:22,01a11097-aa6d-7232-a04c-391b12330f0a,24,37,data qubits pinned; routing seed 1234
run5,1,5,0.0929,0.1241,0.1106,0.1668,0.1248,,,0.0066,radiance20,10000,1234,9 7 3 13,2026-10-06 09:23:36,01a11086-7e2b-70c2-ac41-308f5d01c4dd,53,90,2026-10-06 09:42:17,01a11097-974a-70c1-bb84-70909b4b4e33,20,31,data qubits pinned; routing seed 1234
run5,1,4,0.1089,0.0427,0.0235,0.0901,,,,0.0059,radiance20,10000,1234,9 7 3 13,2026-10-06 09:23:31,01a11086-6b97-7943-9333-9d19f00b01a8,40,54,2026-10-06 09:42:12,01a11097-84c9-7232-8410-7fddc41ec98b,16,25,data qubits pinned; routing seed 1234
run5,1,3,0.0583,0.0195,0.0279,,,,,0.0041,radiance20,10000,1234,9 7 3 13,2026-10-06 09:23:27,01a11086-58f0-71d0-bad9-79d9cbf506a7,24,37,2026-10-06 09:42:07,01a11097-722f-7221-a0f9-8b9b8b7a0b29,12,19,data qubits pinned; routing seed 1234
run5,1,2,0.0518,0.0166,,,,,,0.003,radiance20,10000,1234,9 7 3 13,2026-10-06 09:23:22,01a11086-4674-7c32-b14b-7b38ca2cbabd,17,25,2026-10-06 09:42:02,01a11097-5f94-7250-9f65-10b52de54845,8,13,data qubits pinned; routing seed 1234
run5,1,1,0.0025,,,,,,,0.0022,radiance20,10000,1234,9 7 3 13,2026-10-06 09:23:17,01a11086-33d0-7023-a6ce-3fe36d7bcb66,4,7,2026-10-06 09:41:58,01a11097-4d02-7c80-8065-3d25ea0ef5c6,4,7,data qubits pinned; routing seed 1234
run5,2,7,0.1127,0.0025,0.0246,0.1907,0.15,0.1375,0.1234,0.0072,radiance20,10000,1234,9 7 3 13,2026-10-06 09:24:19,01a11087-23a8-7fc0-9b47-2333342a5838,77,134,2026-10-06 09:43:00,01a11098-3fec-78f1-a505-8d21cef1956e,28,43,data qubits pinned; routing seed 1234
run5,2,6,0.1086,0.0019,0.0289,0.2172,0.1476,0.1219,,0.0077,radiance20,10000,1234,9 7 3 13,2026-10-06 09:24:14,01a11087-10fc-79a2-a40b-58a2fb90f3e8,64,111,2026-10-06 09:42:55,01a11098-2d4f-77c2-bb12-b4c0ef7c54c3,24,37,data qubits pinned; routing seed 1234
run5,2,5,0.0995,0.1225,0.1147,0.1302,0.1211,,,0.0053,radiance20,10000,1234,9 7 3 13,2026-10-06 09:24:09,01a11086-fd93-7410-abce-2359bd9e9d5c,51,87,2026-10-06 09:42:50,01a11098-1a9b-7f00-92b5-61cbd8df1e65,20,31,data qubits pinned; routing seed 1234
run5,2,4,0.116,0.0456,0.0271,0.0886,,,,0.0048,radiance20,10000,1234,9 7 3 13,2026-10-06 09:24:04,01a11086-eac2-73b1-8a3e-db22ca496a65,40,54,2026-10-06 09:42:46,01a11098-07ff-7b73-b7c5-62394589d0f6,16,25,data qubits pinned; routing seed 1234
run5,2,3,0.0556,0.0152,0.0247,,,,,0.0036,radiance20,10000,1234,9 7 3 13,2026-10-06 09:23:59,01a11086-d792-7f52-95f1-3d9e5ba3e745,24,37,2026-10-06 09:42:41,01a11097-f536-7d40-9cea-4ae776402ec4,12,19,data qubits pinned; routing seed 1234
run5,2,2,0.0458,0.0177,,,,,,0.0026,radiance20,10000,1234,9 7 3 13,2026-10-06 09:23:54,01a11086-c8b9-7c42-a686-a7840f23a833,17,25,2026-10-06 09:42:36,01a11097-e2ca-7501-8677-ca7575297501,8,13,data qubits pinned; routing seed 1234
run5,2,1,0.0022,,,,,,,0.0029,radiance20,10000,1234,9 7 3 13,2026-10-06 09:23:51,01a11086-b621-7142-9dd0-b1eaf5973afb,4,7,2026-10-06 09:42:31,01a11097-cfd8-7361-9f52-bfc82daa3bb7,4,7,data qubits pinned; routing seed 1234
run6,0,7,0.1231,0.0851,0.0967,0.2937,0.2348,0.1719,0.151,0.0071,radiance20,100000,1234,9 7 3 13,2026-10-06 13:28:10,01a11165-f83d-7590-85f0-4796e3c06d32,94,180,2026-10-06 13:40:29,01a11171-4061-74c3-b87c-7ff9ccd87302,28,57,data qubits pinned; routing seed 1234
run6,0,6,0.1274,0.0899,0.0971,0.3036,0.2433,0.0985,,0.007,radiance20,100000,1234,9 7 3 13,2026-10-06 13:27:37,01a11165-769e-7901-8211-b7a020e07563,75,149,2026-10-06 13:39:57,01a11170-bed8-7413-9b61-4a9030c09a2d,24,49,data qubits pinned; routing seed 1234
run6,0,5,0.1571,0.1314,0.1275,0.3639,0.109,,,0.0066,radiance20,100000,1234,9 7 3 13,2026-10-06 13:27:04,01a11164-f5ee-71b2-85de-89463fe2a01e,53,108,2026-10-06 13:39:23,01a11170-3ee0-75f3-b8ad-7831c0ecc100,20,41,data qubits pinned; routing seed 1234
run6,0,4,0.1364,0.1022,0.0979,0.0826,,,,0.0057,radiance20,100000,1234,9 7 3 13,2026-10-06 13:26:31,01a11164-75e1-78c3-8fa4-5f20198f75ec,40,76,2026-10-06 13:38:51,01a1116f-bedf-7f31-a684-122b9a7b200a,16,33,data qubits pinned; routing seed 1234
run6,0,3,0.1725,0.1301,0.0624,,,,,0.0051,radiance20,100000,1234,9 7 3 13,2026-10-06 13:25:58,01a11163-f5cb-7511-b260-4de602c21360,24,49,2026-10-06 13:37:34,01a1116e-932b-7be2-ae88-7c03a470148b,12,25,data qubits pinned; routing seed 1234
run6,0,2,0.1262,0.043,,,,,,0.0045,radiance20,100000,1234,9 7 3 13,2026-10-06 13:25:25,01a11163-7664-7572-ad7c-e62a7c512893,14,31,2026-10-06 13:37:01,01a1116e-12a1-79c0-87a1-831eb08dcff3,8,17,data qubits pinned; routing seed 1234
run6,0,1,0.0021,,,,,,,0.0036,radiance20,100000,1234,9 7 3 13,2026-10-06 13:24:53,01a11162-f684-7981-a200-df34f62bd124,4,9,2026-10-06 13:36:28,01a1116d-90be-7290-b723-4dfd55e60fce,4,9,data qubits pinned; routing seed 1234
run6,1,7,0.1139,0.0023,0.0248,0.1716,0.1274,0.1248,0.1125,0.0091,radiance20,100000,1234,9 7 3 13,2026-10-06 13:32:03,01a11169-812e-7f63-bc1c-96ba5f6d3e6a,79,138,2026-10-06 13:44:20,01a11174-c42a-7d30-b1c4-a784a6ab6865,28,43,data qubits pinned; routing seed 1234
run6,1,6,0.1089,0.0021,0.0256,0.1981,0.1412,0.1033,,0.008,radiance20,100000,1234,9 7 3 13,2026-10-06 13:31:29,01a11169-009a-7940-90cb-eb7a01559aa0,66,116,2026-10-06 13:43:47,01a11174-403d-7990-aaa8-f06b6e58a56f,24,37,data qubits pinned; routing seed 1234
run6,1,5,0.092,0.1143,0.1179,0.1423,0.1046,,,0.0067,radiance20,100000,1234,9 7 3 13,2026-10-06 13:30:56,01a11168-7d7e-7372-9f61-9d33bf4149bb,53,90,2026-10-06 13:43:13,01a11173-c0fc-7a51-a6ff-c393bdfa4c9c,20,31,data qubits pinned; routing seed 1234
run6,1,4,0.1103,0.0427,0.0253,0.072,,,,0.0057,radiance20,100000,1234,9 7 3 13,2026-10-06 13:30:22,01a11167-fc9c-72b0-b6b4-dfd1bdc9b34a,40,54,2026-10-06 13:42:41,01a11173-410c-7462-9535-8fb4f3193b72,16,25,data qubits pinned; routing seed 1234
run6,1,3,0.0516,0.0153,0.0194,,,,,0.0048,radiance20,100000,1234,9 7 3 13,2026-10-06 13:29:49,01a11167-7afc-71e1-aec4-65c803db0b01,24,37,2026-10-06 13:42:08,01a11172-c0b9-7661-bd7a-9ea5abe947ee,12,19,data qubits pinned; routing seed 1234
run6,1,2,0.0479,0.0165,,,,,,0.0034,radiance20,100000,1234,9 7 3 13,2026-10-06 13:29:16,01a11166-fa67-7072-a6a2-c5716e92ed2c,17,25,2026-10-06 13:41:35,01a11172-40ad-7e41-b94c-7ae3174b40d2,8,13,data qubits pinned; routing seed 1234
run6,1,1,0.0018,,,,,,,0.0029,radiance20,100000,1234,9 7 3 13,2026-10-06 13:28:43,01a11166-79b9-7583-ae06-40653c978633,4,7,2026-10-06 13:41:02,01a11171-c088-7d03-aa13-c8f15c2910fc,4,7,data qubits pinned; routing seed 1234
run6,2,7,0.1174,0.0019,0.0238,0.1747,0.1258,0.1123,0.1052,0.009,radiance20,100000,1234,9 7 3 13,2026-10-06 13:35:54,01a1116d-0ab0-74c2-a310-01c0d1c28981,77,134,2026-10-06 13:49:06,01a11178-b106-7f11-92ff-e0e6e6a3e468,28,43,data qubits pinned; routing seed 1234
run6,2,6,0.1226,0.002,0.0248,0.2063,0.1177,0.106,,0.0072,radiance20,100000,1234,9 7 3 13,2026-10-06 13:35:21,01a1116c-8839-7b50-9a60-310fe4494a15,64,111,2026-10-06 13:48:04,01a11177-c4ab-77f3-a77e-13a9447c1e9b,24,37,data qubits pinned; routing seed 1234
run6,2,5,0.0735,0.0991,0.1127,0.1119,0.0977,,,0.0068,radiance20,100000,1234,9 7 3 13,2026-10-06 13:34:47,01a1116c-063d-70d1-b036-1dc3951e217a,51,87,2026-10-06 13:47:04,01a11177-443f-7251-b72f-68694a009dd5,20,31,data qubits pinned; routing seed 1234
run6,2,4,0.1237,0.0455,0.0219,0.0758,,,,0.0051,radiance20,100000,1234,9 7 3 13,2026-10-06 13:34:14,01a1116b-85e7-7e02-9726-730cda9dbe05,40,54,2026-10-06 13:46:31,01a11176-c4fe-77f3-8a22-999ed406ed11,16,25,data qubits pinned; routing seed 1234
run6,2,3,0.0534,0.0159,0.0396,,,,,0.0034,radiance20,100000,1234,9 7 3 13,2026-10-06 13:33:41,01a1116b-069d-7e01-96d5-b403974e4a52,24,37,2026-10-06 13:45:58,01a11176-43ce-7e50-9603-a5be70cf8b4e,12,19,data qubits pinned; routing seed 1234
run6,2,2,0.0508,0.0157,,,,,,0.003,radiance20,100000,1234,9 7 3 13,2026-10-06 13:33:09,01a1116a-865f-77a0-baeb-fa1028676b42,17,25,2026-10-06 13:45:25,01a11175-c483-7831-b268-056389e42888,8,13,data qubits pinned; routing seed 1234
run6,2,1,0.0027,,,,,,,0.0023,radiance20,100000,1234,9 7 3 13,2026-10-06 13:32:36,01a1116a-066f-73b2-a06b-e5470f4af2d9,4,7,2026-10-06 13:44:53,01a11175-44b1-7110-918e-c18fd9f9c6fb,4,7,data qubits pinned; routing seed 1234
run8,0,7,0.0479,0.0362,0.0658,0.1932,0.2462,0.1359,0.0737,0.0088,radiance20,100000,1234,9 7 3 13,2026-10-07 08:17:45,01a11570-1f4d-7f93-9ea7-71105d0fdfcb,94,180,2026-10-07 09:58:17,01a115cb-cb4f-7613-ac90-4bba1de99cbf,28,57,data qubits pinned; routing seed 1234
run8,0,6,0.0484,0.0388,0.0584,0.187,0.2467,0.0485,,0.008,radiance20,100000,1234,9 7 3 13,2026-10-07 08:17:11,01a1156f-9c2a-7c93-8b71-27da21f90d11,75,149,2026-10-07 09:57:19,01a115ca-e66b-7600-84fd-dae2d0be414a,24,49,data qubits pinned; routing seed 1234
run8,0,5,0.0666,0.0669,0.0669,0.2032,0.0653,,,0.0068,radiance20,100000,1234,9 7 3 13,2026-10-07 08:16:38,01a1156f-1b6b-7413-97fc-0584b3a6b35f,53,108,2026-10-07 09:56:21,01a115ca-025e-7532-bcd9-da48aed4ba4d,20,41,data qubits pinned; routing seed 1234
run8,0,4,0.059,0.0458,0.0537,0.0433,,,,0.0057,radiance20,100000,1234,9 7 3 13,2026-10-07 08:16:05,01a1156e-989a-7a21-ba70-3e55e7fb0af0,40,76,2026-10-07 09:55:22,01a115c9-1e30-7421-acdd-fc76b44fdc8c,16,33,data qubits pinned; routing seed 1234
run8,0,3,0.0808,0.0775,0.0325,,,,,0.005,radiance20,100000,1234,9 7 3 13,2026-10-07 08:15:31,01a1156e-18c6-7260-9df5-4f6b2b8289c5,24,49,2026-10-07 09:54:24,01a115c8-7b82-73d0-8b31-4b8e670fd72e,12,25,data qubits pinned; routing seed 1234
run8,0,2,0.0657,0.0283,,,,,,0.004,radiance20,100000,1234,9 7 3 13,2026-10-07 08:14:59,01a1156d-977a-7942-be33-1dc3439303a2,14,31,2026-10-07 09:53:42,01a115c7-8f51-7aa2-a160-e8325506f9ce,8,17,data qubits pinned; routing seed 1234
run8,0,1,0.0037,,,,,,,0.0022,radiance20,100000,1234,9 7 3 13,2026-10-07 08:14:25,01a1156d-15f7-70b3-a94b-4d1105fd0e9a,4,9,2026-10-07 09:52:42,01a115c7-0fa8-75f1-8f80-510fc803e805,4,9,data qubits pinned; routing seed 1234
run8,1,7,0.1357,0.0023,0.0182,0.1349,0.0806,0.0603,0.0732,0.0105,radiance20,100000,1234,9 7 3 13,2026-10-07 08:21:38,01a11573-ac41-7d33-a9cb-a93994e551ce,79,138,2026-10-07 10:05:06,01a115d2-0251-7dc1-801d-d650b999d1c6,28,43,data qubits pinned; routing seed 1234
run8,1,6,0.1376,0.0025,0.017,0.1547,0.0877,0.061,,0.0095,radiance20,100000,1234,9 7 3 13,2026-10-07 08:21:04,01a11573-2999-7ca2-9f20-11abb9136e33,66,116,2026-10-07 10:04:07,01a115d1-1f03-7101-a80b-2fc6e5c43f6f,24,37,data qubits pinned; routing seed 1234
run8,1,5,0.0314,0.0575,0.0648,0.084,0.0519,,,0.009,radiance20,100000,1234,9 7 3 13,2026-10-07 08:20:31,01a11572-a3d7-77f3-8044-8e7030a34ff1,53,90,2026-10-07 10:03:08,01a115d0-3eda-7ec1-8452-3e851666a59c,20,31,data qubits pinned; routing seed 1234
run8,1,4,0.1412,0.0475,0.0167,0.0352,,,,0.0079,radiance20,100000,1234,9 7 3 13,2026-10-07 08:19:56,01a11572-23c3-7d73-a26e-1d83dde02d24,40,54,2026-10-07 10:02:11,01a115cf-5817-7843-a25c-c72b2f051761,16,25,data qubits pinned; routing seed 1234
run8,1,3,0.042,0.0155,0.0332,,,,,0.0061,radiance20,100000,1234,9 7 3 13,2026-10-07 08:19:24,01a11571-a3cb-7200-b586-c138641f629f,24,37,2026-10-07 10:01:12,01a115ce-74da-7352-8211-fd54d60486bf,12,19,data qubits pinned; routing seed 1234
run8,1,2,0.0419,0.0147,,,,,,0.0054,radiance20,100000,1234,9 7 3 13,2026-10-07 08:18:51,01a11571-2436-7a11-8450-a4329301c770,17,25,2026-10-07 10:00:14,01a115cd-902f-7620-8a52-5bf98a5476ce,8,13,data qubits pinned; routing seed 1234
run8,1,1,0.0073,,,,,,,0.0053,radiance20,100000,1234,9 7 3 13,2026-10-07 08:18:18,01a11570-a34a-7932-9211-14183795973d,4,7,2026-10-07 09:59:15,01a115cc-aeac-7d60-bd04-3ed305406740,4,7,data qubits pinned; routing seed 1234
run8,2,7,0.1291,0.0022,0.0182,0.1266,0.0797,0.0552,0.0506,0.0098,radiance20,100000,1234,9 7 3 13,2026-10-07 08:25:29,01a11577-32d1-7451-acec-df292d361255,77,134,2026-10-07 10:11:31,01a115d7-e5a7-7800-91be-4bb9bc8e89d5,28,43,data qubits pinned; routing seed 1234
run8,2,6,0.1276,0.0022,0.0196,0.1512,0.0757,0.0584,,0.0084,radiance20,100000,1234,9 7 3 13,2026-10-07 08:24:55,01a11576-afca-7502-832f-0dbdc29c07b5,64,111,2026-10-07 10:10:32,01a115d7-42ca-7f92-8b3a-82ff810d4658,24,37,data qubits pinned; routing seed 1234
run8,2,5,0.0338,0.0743,0.0651,0.0753,0.0555,,,0.0069,radiance20,100000,1234,9 7 3 13,2026-10-07 08:24:22,01a11576-2c0f-7080-bb62-9935f496c540,51,87,2026-10-07 10:09:51,01a115d6-55fd-7be0-808f-2fa894a7814f,20,31,data qubits pinned; routing seed 1234
run8,2,4,0.1332,0.0474,0.0176,0.0336,,,,0.0065,radiance20,100000,1234,9 7 3 13,2026-10-07 08:23:48,01a11575-aafc-7c53-b5d8-817acfbc173b,40,54,2026-10-07 10:08:50,01a115d5-6637-7a12-856a-06a53b95a5fb,16,25,data qubits pinned; routing seed 1234
run8,2,3,0.0419,0.0153,0.0309,,,,,0.0056,radiance20,100000,1234,9 7 3 13,2026-10-07 08:23:15,01a11575-2d07-7511-9e76-a58bf67fbb6d,24,37,2026-10-07 10:07:49,01a115d4-c425-72c0-8392-258c4d7cec97,12,19,data qubits pinned; routing seed 1234
run8,2,2,0.0382,0.0163,,,,,,0.0042,radiance20,100000,1234,9 7 3 13,2026-10-07 08:22:43,01a11574-ad02-7742-a12c-d926a698f0fb,17,25,2026-10-07 10:07:07,01a115d3-d7e3-78e1-b33d-e497ab8a4498,8,13,data qubits pinned; routing seed 1234
run8,2,1,0.0062,,,,,,,0.0033,radiance20,100000,1234,9 7 3 13,2026-10-07 08:22:10,01a11574-300f-78f2-96dd-b03cd338d960,4,7,2026-10-07 10:06:07,01a115d2-e976-7f91-a834-6ca3ba3b4d76,4,7,data qubits pinned; routing seed 1234
run9,0,7,0.0635,0.0372,0.0544,0.202,0.2371,0.148,0.0707,0.0076,radiance20,100000,1234,9 7 3 13,2026-10-07 11:14:20,01a11611-cba4-7e72-a6fb-6bbc58b76391,94,180,2026-10-07 11:26:04,01a1161c-89c8-7091-8e51-1fd8050e2123,28,57,data qubits pinned; routing seed 1234
run9,0,6,0.0641,0.0425,0.048,0.1935,0.2397,0.0446,,0.0071,radiance20,100000,1234,9 7 3 13,2026-10-07 11:13:47,01a11611-487f-7cf3-bda3-33a24f68ef4a,75,149,2026-10-07 11:25:31,01a1161c-0a45-7b72-b221-be73f9dfe754,24,49,data qubits pinned; routing seed 1234
run9,0,5,0.0852,0.0778,0.0658,0.2591,0.0605,,,0.0065,radiance20,100000,1234,9 7 3 13,2026-10-07 11:13:13,01a11610-c5de-7902-8203-a0f9c8a1a935,53,108,2026-10-07 11:24:58,01a1161b-883b-7113-bb1d-f542f51b962d,20,41,data qubits pinned; routing seed 1234
run9,0,4,0.0693,0.0457,0.0491,0.0401,,,,0.0065,radiance20,100000,1234,9 7 3 13,2026-10-07 11:12:40,01a11610-459d-7872-b927-9ca942d65a4c,40,76,2026-10-07 11:24:25,01a1161b-0657-7990-b2cb-919ac275f4dc,16,33,data qubits pinned; routing seed 1234
run9,0,3,0.0884,0.0729,0.03,,,,,0.0051,radiance20,100000,1234,9 7 3 13,2026-10-07 11:12:07,01a1160f-c45b-77f2-ada8-7b61b1f166c1,24,49,2026-10-07 11:23:52,01a1161a-863c-7432-ae75-7b5ce2bc5945,12,25,data qubits pinned; routing seed 1234
run9,0,2,0.0604,0.0251,,,,,,0.003,radiance20,100000,1234,9 7 3 13,2026-10-07 11:11:34,01a1160f-4421-7ea0-9484-33486527e9fa,14,31,2026-10-07 11:23:19,01a1161a-060e-7940-81ad-f06cc11a28b3,8,17,data qubits pinned; routing seed 1234
run9,0,1,0.003,,,,,,,0.003,radiance20,100000,1234,9 7 3 13,2026-10-07 11:11:01,01a1160e-bf75-70e3-91c7-33f116b244dc,4,9,2026-10-07 11:22:46,01a11619-85b4-7a51-8e44-d264262fec10,4,9,data qubits pinned; routing seed 1234
run9,1,7,0.0977,0.0017,0.0221,0.1173,0.0757,0.062,0.0591,0.0104,radiance20,100000,1234,9 7 3 13,2026-10-07 11:18:12,01a11615-5585-71b2-bb0c-ff9f5561731f,79,138,2026-10-07 11:29:55,01a11620-1089-7402-90fa-4f4805321e34,28,43,data qubits pinned; routing seed 1234
run9,1,6,0.0962,0.002,0.0211,0.1418,0.0794,0.0546,,0.0094,radiance20,100000,1234,9 7 3 13,2026-10-07 11:17:39,01a11614-d234-7983-81e3-4903d1e2bc79,66,116,2026-10-07 11:29:22,01a1161f-8efa-7e11-a450-119fc77486dd,24,37,data qubits pinned; routing seed 1234
run9,1,5,0.0396,0.0564,0.0638,0.0902,0.046,,,0.008,radiance20,100000,1234,9 7 3 13,2026-10-07 11:17:05,01a11614-501a-7892-bce2-193f96ac951a,53,90,2026-10-07 11:28:49,01a1161f-0ed4-72f0-877e-59312a6009f7,20,31,data qubits pinned; routing seed 1234
run9,1,4,0.0996,0.0443,0.0205,0.029,,,,0.0069,radiance20,100000,1234,9 7 3 13,2026-10-07 11:16:32,01a11613-cdf7-78c0-8ca9-3a0c15873e83,40,54,2026-10-07 11:28:16,01a1161e-8e0c-7d60-a586-cbccb68be3c4,16,25,data qubits pinned; routing seed 1234
run9,1,3,0.0358,0.0155,0.0211,,,,,0.0062,radiance20,100000,1234,9 7 3 13,2026-10-07 11:15:58,01a11613-4d9a-7401-96db-6e014a93d89c,24,37,2026-10-07 11:27:43,01a1161e-0d6c-7202-95ca-da8ec75c4781,12,19,data qubits pinned; routing seed 1234
run9,1,2,0.0345,0.0151,,,,,,0.0043,radiance20,100000,1234,9 7 3 13,2026-10-07 11:15:26,01a11612-cd82-7521-9869-e4f6cff7caa7,17,25,2026-10-07 11:27:10,01a1161d-8c88-7012-9201-8fcdc11039de,8,13,data qubits pinned; routing seed 1234
run9,1,1,0.0019,,,,,,,0.0037,radiance20,100000,1234,9 7 3 13,2026-10-07 11:14:53,01a11612-4d7c-78d3-bcbf-8fd9fd93cb12,4,7,2026-10-07 11:26:37,01a1161d-0b72-78b3-a5c1-ff886ac95ba4,4,7,data qubits pinned; routing seed 1234
run9,2,7,0.1099,0.0021,0.0193,0.1183,0.077,0.0571,0.0498,0.0099,radiance20,100000,1234,9 7 3 13,2026-10-07 11:22:04,01a11618-dbe4-7153-845c-f38fa9e033b4,77,134,2026-10-07 11:33:44,01a11623-8f12-7632-ab99-bbf995b1a061,28,43,data qubits pinned; routing seed 1234
run9,2,6,0.1076,0.0024,0.0202,0.1473,0.077,0.0535,,0.0088,radiance20,100000,1234,9 7 3 13,2026-10-07 11:21:30,01a11618-5b31-7e81-97d7-aa4cf4d77c9f,64,111,2026-10-07 11:33:11,01a11623-0f04-7050-a8d1-6f16f644a78f,24,37,data qubits pinned; routing seed 1234
run9,2,5,0.0417,0.0831,0.0646,0.0737,0.0497,,,0.0077,radiance20,100000,1234,9 7 3 13,2026-10-07 11:20:57,01a11617-d9c4-7861-983d-d8ceb633f3d1,51,87,2026-10-07 11:32:38,01a11622-8eca-7b83-ab20-ee3401ae37cd,20,31,data qubits pinned; routing seed 1234
run9,2,4,0.0995,0.0462,0.0198,0.0303,,,,0.0066,radiance20,100000,1234,9 7 3 13,2026-10-07 11:20:24,01a11617-5700-74f3-b460-9fb842a51b91,40,54,2026-10-07 11:32:05,01a11622-0f21-7050-9482-fabfc4d92863,16,25,data qubits pinned; routing seed 1234
run9,2,3,0.0353,0.0153,0.0206,,,,,0.0051,radiance20,100000,1234,9 7 3 13,2026-10-07 11:19:50,01a11616-d535-7673-8345-db3bd06c057d,24,37,2026-10-07 11:31:33,01a11621-8e01-7e70-b140-e3d44f940354,12,19,data qubits pinned; routing seed 1234
run9,2,2,0.0345,0.0151,,,,,,0.004,radiance20,100000,1234,9 7 3 13,2026-10-07 11:19:17,01a11616-576b-7d61-b35a-ba7e54ff5a7a,17,25,2026-10-07 11:31:00,01a11621-0d62-7462-ae50-607015b9edba,8,13,data qubits pinned; routing seed 1234
run9,2,1,0.0023,,,,,,,0.003,radiance20,100000,1234,9 7 3 13,2026-10-07 11:18:45,01a11615-d986-76b0-9112-92ad9610c018,4,7,2026-10-07 11:30:27,01a11620-90b7-7903-a3d8-c76bc3fe62d7,4,7,data qubits pinned; routing seed 1234
